2007-03-18,1,0
2007-06-03,2,0
2007-06-12,121,0
2007-06-28,160,0
2007-07-01,637,0
2007-07-02,368,0
2007-07-04,687,0
2007-08-22,1,0
2007-08-27,717,0
2007-08-28,941,0
2007-09-02,236,0
2007-10-12,3,2
2007-11-10,36,0
2007-11-28,1,1
2007-11-30,0,1
2007-12-12,7,1
2008-01-16,5,3
2008-01-26,0,1
2008-02-04,233,0
2008-02-07,51,0
2008-02-26,1,0
2008-03-21,144,17
2008-03-22,40,5
2008-03-23,185,109
2008-03-25,2,0
2008-03-27,1,2
2008-03-30,10,0
2008-04-06,5,0
2008-04-18,215,84
2008-05-14,4,1
2008-05-16,0,4
2008-05-23,0,1
2008-05-30,504,0
2008-05-31,4046,26
2008-06-01,671,3
2008-06-02,1053,20
2008-06-03,1850,28
2008-06-04,0,30
2008-06-05,1445,3
2008-06-06,716,5
2008-06-07,16,3
2008-06-08,5,2
2008-06-09,0,10
2008-06-10,51,20
2008-06-11,0,4
2008-06-22,58,1
2008-06-27,474,7
2008-07-06,10,3
2008-07-10,0,1
2008-07-12,553,9
2008-07-18,53,0
2008-07-19,146,2
2008-07-22,914,0
2008-07-27,3,1
2008-08-02,117,0
2008-08-11,0,1
2008-08-15,176,24
2008-08-19,307,13
2008-08-21,5,13
2008-08-23,51,0
2008-08-27,0,1
2008-09-04,1577,214
2008-09-05,456,11
2008-09-07,0,41
2008-09-08,1413,184
2008-09-09,3023,16
2008-09-10,0,18
2008-09-12,1691,1
2008-09-13,3136,72
2008-09-14,0,1
2008-09-16,723,11
2008-09-18,0,31
2008-09-24,288,3
2008-09-26,7,0
2008-09-28,1,0
2008-10-08,28,90
2008-10-13,689,246
2008-10-22,4392,5650
2008-11-05,0,2
2008-11-08,1430,0
2008-11-09,2576,6
2008-11-19,29,162
2008-11-20,8,131
2008-11-21,5,18
2008-11-22,6,154
2008-11-23,13,80
2008-11-24,19,185
2008-11-25,5,1
2008-11-26,36,36
2008-11-28,3,0
2008-12-05,0,1430
2008-12-06,2325,15
2008-12-09,462,36
2008-12-13,0,1034
2008-12-14,0,101
2008-12-31,0,101
2009-01-06,885,2551
2009-01-11,2,704
2009-01-20,0,432
2009-01-22,217,175
2009-01-25,1962,5922
2009-01-26,315,961
2009-01-30,223,430
2009-02-01,0,38
2009-02-02,0,2
2009-02-04,133,1
2009-02-06,134,3
2009-02-07,32,4
2009-02-09,308,3761
2009-02-10,4,1
2009-02-17,3,388
2009-02-22,0,2
2009-02-23,39,525
2009-02-24,0,19
2009-02-25,0,1
2009-02-26,86,23
2009-02-28,117,32
2009-03-01,102,535
2009-03-02,107,210
2009-03-03,0,89
2009-03-06,0,220
2009-03-09,0,15
2009-03-10,68,220
2009-03-12,0,1
2009-03-13,0,42
2009-03-14,261,913
2009-03-15,4666,3573
2009-03-16,290,620
2009-03-18,10,76
2009-03-27,0,1
2009-04-07,18,542
2009-04-08,151,0
2009-04-12,0,1
2009-04-13,0,4
2009-05-02,51,13
2009-05-06,40,2
2009-05-25,21,4
2009-06-04,8,2
2009-06-07,0,3
2009-06-12,2,0
2009-06-18,36,3
2009-06-19,677,80
2009-06-23,444,203
2009-06-24,546,2
2009-07-02,8,26
2009-07-06,45,48
2009-07-15,145,27
2009-07-22,0,2
2009-07-31,0,1
2009-08-04,0,2
2009-08-05,0,10
2009-08-06,2677,69
2009-08-07,19,35
2009-08-13,0,6
2009-08-14,0,3
2009-08-15,0,1
2009-08-16,0,3
2009-08-18,0,2
2009-08-21,0,2
2009-08-26,0,1
2009-08-27,0,1
2009-08-29,0,1
2009-08-30,774,50
2009-09-01,608,2
2009-09-05,1453,18
2009-09-08,0,1
2009-09-09,91,10
2009-09-10,0,2
2009-09-11,0,2
2009-09-24,0,1
2009-09-29,0,1
2009-09-30,0,1
2009-10-04,4,0
2009-10-08,0,1
2009-10-14,230,1
2009-10-27,0,3
2009-10-29,0,3
2009-11-03,683,0
2009-11-05,301,7
2009-11-06,149,3
2009-11-10,44,5
2009-11-13,276,0
2009-11-14,434,63
2009-11-15,140,4
2009-11-16,0,1
2009-11-18,1,191
2009-11-19,1616,14
2009-11-20,5,7
2009-11-21,223,44
2009-11-22,395,17
2009-11-24,1,2
2009-11-25,14,4
2009-11-27,0,1
2009-11-29,2284,50
2009-11-30,4384,32
2009-12-01,246,2
2009-12-02,695,5
2009-12-04,417,1
2009-12-05,344,0
2009-12-06,245,0
2009-12-07,0,3
2009-12-09,115,0
2009-12-10,165,0
2009-12-11,75,0
2009-12-12,234,0
2009-12-13,0,1
2009-12-14,187,0
2009-12-17,126,0
2009-12-22,12,0
2009-12-23,258,0
2009-12-28,0,1
2009-12-29,685,1
2009-12-30,2416,6
2010-01-01,201,7
2010-01-02,1390,2
2010-01-03,262,1
2010-01-04,395,1
2010-01-05,871,0
2010-01-06,891,3
2010-01-08,0,21
2010-01-19,128,1
2010-01-23,656,1
2010-01-27,0,11
2010-01-31,0,2
2010-02-05,0,1
2010-02-07,1172,1
2010-02-19,0,1
2010-02-21,0,69
2010-03-06,97,0
2010-03-07,2,3
2010-03-09,0,1
2010-03-16,0,1
2010-03-18,275,4
2010-03-19,732,426
2010-03-20,284,22
2010-03-21,1112,203
2010-03-22,592,12
2010-03-23,627,278
2010-03-24,121,89
2010-03-25,0,1
2010-03-27,5,2
2010-03-29,58,0
2010-04-05,222,0
2010-04-10,843,1
2010-04-12,268,0
2010-04-15,0,1
2010-04-22,1715,86
2010-04-23,0,2
2010-04-27,47,15
2010-04-30,209,3
2010-05-02,43,0
2010-05-03,27,3
2010-05-04,9,1
2010-05-06,70,127
2010-05-07,97,20
2010-05-08,108,1
2010-05-09,68,8
2010-05-10,207,3
2010-05-15,31,0
2010-05-16,180,13
2010-05-17,47,16
2010-05-21,2,18
2010-05-23,151,4
2010-05-24,2,3
2010-05-25,0,2
2010-05-31,23,1
2010-06-02,24,10
2010-06-04,1265,21
2010-06-05,2170,159
2010-06-06,29,43
2010-06-07,4106,532
2010-06-08,2889,690
2010-06-10,8,6
2010-06-22,60,0
2010-06-24,4,4
2010-06-29,0,1
2010-07-04,1,0
2010-07-08,57,9
2010-07-14,275,1
2010-07-18,0,1
2010-08-04,60,22
2010-08-06,647,6
2010-08-08,269,434
2010-08-09,1,1
2010-08-10,151,7
2010-08-11,932,41
2010-08-13,31,89
2010-08-17,11,0
2010-08-22,3,7
2010-08-23,14,2
2010-08-24,0,1
2010-08-25,0,1
2010-08-27,123,2
2010-08-28,183,3
2010-08-29,0,1
2010-08-30,437,29
2010-09-07,816,0
2010-09-08,627,2
2010-09-09,9,3
2010-09-11,0,1
2010-09-12,1723,1729
2010-09-15,434,58
2010-09-18,966,0
2010-09-20,123,4
2010-09-22,0,2
2010-09-25,0,1
2010-09-26,31,0
2010-09-27,430,0
2010-09-30,71,2
2010-10-04,0,1
2010-10-06,0,3
2010-10-09,1,0
2010-10-10,123,33
2010-10-12,112,85
2010-10-13,4,0
2010-10-14,20,9
2010-10-15,11,0
2010-10-16,41,1
2010-10-17,24,0
2010-10-20,0,1
2010-10-21,1,0
2010-10-24,0,1
2010-10-25,145,1
2010-10-29,0,1
2010-11-01,3556,5
2010-11-02,874,69
2010-11-04,190,76
2010-11-05,783,867
2010-11-06,84,15
2010-11-08,20,60
2010-11-09,39,7
2010-11-10,86,32
2010-11-11,141,36
2010-11-12,24,11
2010-11-13,941,17
2010-11-14,298,37
2010-11-15,6,0
2010-11-16,315,77
2010-11-17,149,76
2010-11-18,18,12
2010-11-19,30,11
2010-11-20,17,4
2010-11-23,104,73
2010-11-24,0,1
2010-11-27,7,2
2010-11-29,10,0
2010-12-07,6177,23
2010-12-08,0,15
2010-12-13,593,33
2010-12-14,118,4
2010-12-15,89,0
2010-12-16,14,12
2010-12-17,1030,113
2010-12-18,3313,48
2010-12-20,51,31
2010-12-23,486,2
2010-12-24,0,6
2010-12-29,38,30
2010-12-30,23,3
2010-12-31,552,25
2011-01-01,512,62
2011-01-02,2162,92
2011-01-05,0,2
2011-01-10,3,14
2011-01-12,7,2
2011-01-22,1,0
2011-01-23,27,0
2011-01-27,401,53
2011-01-28,1281,15
2011-01-30,273,3
2011-02-01,2280,57
2011-02-02,65,20
2011-02-03,64,2
2011-02-05,112,36
2011-02-06,0,4
2011-02-07,0,1
2011-02-09,207,65
2011-02-10,5,2
2011-02-11,160,31
2011-02-28,55,0
2011-03-01,122,8
2011-03-02,0,1
2011-03-03,86,20
2011-03-05,311,17
2011-03-20,9,0
2011-03-21,126,2
2011-03-28,484,0
2011-03-29,0,1
2011-04-03,555,0
2011-04-11,867,228
2011-04-12,2649,638
2011-04-14,58,19
2011-04-17,1049,115
2011-05-01,344,269
2011-05-05,887,1328
2011-05-06,1255,630
2011-05-07,694,427
2011-05-08,155,0
2011-05-09,1314,380
2011-05-10,626,785
2011-05-11,1843,639
2011-05-12,960,177
2011-05-13,13,466
2011-05-14,23,6
2011-05-15,2,3
2011-05-17,38,39
2011-05-19,334,158
2011-05-24,624,231
2011-05-28,258,56
2011-06-09,503,3
2011-06-10,0,2
2011-06-12,329,117
2011-06-13,142,4
2011-06-14,10,2
2011-06-15,5,2
2011-06-16,8,7
2011-06-18,963,582
2011-06-19,51,14
2011-06-20,683,50
2011-06-22,2,111
2011-06-23,34,11
2011-06-25,64,130
2011-06-27,911,150
2011-06-28,287,17
2011-06-29,977,93
2011-06-30,3050,156
2011-07-01,2197,265
2011-07-02,33,44
2011-07-03,130,22
2011-07-04,2955,540
2011-07-05,3618,239
2011-07-06,1751,176
2011-07-07,854,108
2011-07-08,637,92
2011-07-09,831,901
2011-07-11,52,15
2011-07-12,248,0
2011-07-13,60,3
2011-07-15,28,6
2011-07-18,281,1
2011-07-19,170,51
2011-07-20,1,0
2011-07-27,149,16
2011-07-31,130,17
2011-08-02,858,232
2011-08-03,549,2
2011-08-04,93,0
2011-08-05,5903,77
2011-08-06,1909,7
2011-08-07,5032,23
2011-08-08,1735,59
2011-08-09,22,4
2011-08-10,50,1
2011-08-11,2918,70
2011-08-12,2614,15
2011-08-14,1259,2
2011-08-15,2463,236
2011-08-16,37,3
2011-08-17,1094,98
2011-08-18,335,8
2011-08-19,80,44
2011-08-24,2,3
2011-08-25,147,13
2011-08-26,51,13
2011-08-28,352,45
2011-08-30,29,7
2011-08-31,14,12
2011-09-01,6,15
2011-09-11,0,3
2011-09-13,2,3
2011-09-14,1,0
2011-09-15,20,1
2011-09-17,110,0
2011-09-19,10,0
2011-09-20,1123,44222
2011-09-22,19,0
2011-09-25,671,5
2011-09-26,869,48
2011-09-27,5,16
2011-09-30,308,260
2011-10-02,0,1
2011-10-04,1,0
2011-10-07,4,0
2011-10-08,3,0
2011-10-09,326,64
2011-10-10,686,4
2011-10-12,6,7
2011-10-14,1059,35
2011-10-18,347,2
2011-10-19,966,22
2011-10-23,41,2
2011-10-24,0,1
2011-10-26,409,874
2011-10-29,3,3
2011-10-30,952,8
2011-10-31,558,31
2011-11-01,1,1
2011-11-02,380,328
2011-11-03,1493,240
2011-11-04,133,18
2011-11-05,928,249
2011-11-06,1589,236
2011-11-09,886,187
2011-11-10,908,227
2011-11-11,1008,512
2011-11-12,38,14
2011-11-13,540,41
2011-11-14,24,30
2011-11-16,0,1
2011-11-17,39,36
2011-11-19,28,146
2011-11-20,188,199
2011-11-21,22,146
2011-11-22,4210,29
2011-11-23,260,52
2011-11-25,11,1
2011-11-26,2507,239
2011-11-27,895,2
2011-11-28,832,182
2011-11-29,890,207
2011-11-30,257,17
2011-12-01,307,67
2011-12-03,2,1
2011-12-06,2,0
2011-12-09,476,26
2011-12-13,817,4
2011-12-14,0,1
2011-12-15,229,86
2011-12-16,100,3
2011-12-18,60,11
2011-12-20,185,9
2011-12-21,2,0
2011-12-26,100,55
2011-12-27,0,1
2011-12-29,29,7
2011-12-30,1,0
2012-01-05,0,35
2012-01-08,135,1
2012-01-09,2,3
2012-01-11,1,6
2012-01-17,56,82
2012-01-18,242,17
2012-01-19,356,228
2012-01-21,9,1
2012-01-25,21,0
2012-01-26,4,0
2012-01-27,2,3
2012-01-29,53,1
2012-01-30,320,29
2012-02-02,778,20
2012-02-03,6,225
2012-02-04,6,2
2012-02-05,0,23
2012-02-06,0,1
2012-02-07,410,13
2012-02-08,20,5
2012-02-09,0,1
2012-02-11,797,2
2012-02-14,28,18
2012-02-15,6,303
2012-02-16,518,32
2012-02-18,134,0
2012-02-19,8,2
2012-02-21,16,0
2012-02-24,25,191
2012-02-25,44,0
2012-02-27,1,1
2012-02-28,112,24
2012-03-01,72,9
2012-03-02,853,18
2012-03-03,654,200
2012-03-04,3646,46
2012-03-08,4,1
2012-03-09,2540,18
2012-03-11,2525,1
2012-03-15,2177,22
2012-03-16,27,0
2012-03-17,194,1
2012-03-18,1250,217
2012-03-19,58,0
2012-03-20,1305,39
2012-03-21,88,23
2012-03-22,20,23
2012-03-26,74,2
2012-03-31,53,48
2012-04-06,0,1
2012-04-07,216,0
2012-04-08,44,2
2012-04-09,73,1
2012-04-15,296,245
2012-04-20,12,5
2012-04-22,2,0
2012-04-23,1,3
2012-04-24,0,3
2012-04-25,34,4
2012-04-26,46,16
2012-04-30,29,0
2012-05-02,314,19
2012-05-03,121,17
2012-05-05,276,9
2012-05-06,857,45
2012-05-08,0,1
2012-05-10,1249,36
2012-05-11,10,5
2012-05-12,47,14
2012-05-13,68,287
2012-05-14,273,132
2012-05-15,104,138
2012-05-18,153,0
2012-05-19,1,0
2012-05-20,49,191
2012-05-21,23,4
2012-05-22,0,1
2012-05-23,24,4
2012-05-24,5,22
2012-05-25,27,3
2012-05-27,836,101
2012-05-28,134,6
2012-05-29,80,2
2012-06-01,460,5
2012-06-02,209,4
2012-06-03,514,14
2012-06-04,169,304
2012-06-05,90,1415
2012-06-06,0,78
2012-06-07,156,1417
2012-06-08,0,371
2012-06-09,2218,682
2012-06-10,336,1393
2012-06-11,448,223
2012-06-12,12,0
2012-06-13,11,5
2012-06-14,30,32
2012-06-16,0,3
2012-06-17,226,558
2012-06-18,24,4
2012-06-19,831,313
2012-06-20,7,320
2012-06-21,12,759
2012-06-22,87,1220
2012-06-24,31,212
2012-06-25,473,57
2012-06-26,404,779
2012-06-27,298,1309
2012-06-28,281,638
2012-06-29,413,158
2012-06-30,285,57
2012-07-01,40,2
2012-07-02,17,43
2012-07-03,770,229
2012-07-04,223,1
2012-07-05,1,11
2012-07-07,90,3
2012-07-08,1177,220
2012-07-09,119,136
2012-07-10,177,62
2012-07-11,5028,150
2012-07-12,28,109
2012-07-13,259,255
2012-07-14,103,15
2012-07-15,5,31
2012-07-16,1124,196
2012-07-18,17,47
2012-07-19,300,567
2012-07-20,4661,110
2012-07-21,18,81
2012-07-22,5252,237
2012-07-23,8117,23
2012-07-24,324,28
2012-07-25,197,318
2012-07-26,68,61
2012-07-27,121,44
2012-07-29,26,8
2012-07-30,1,2
2012-07-31,3,3
2012-08-01,916,606
2012-08-02,48,54
2012-08-03,63,72
2012-08-04,22,1
2012-08-06,2003,484
2012-08-08,873,129
2012-08-09,10,1
2012-08-10,221,0
2012-08-11,317,72
2012-08-15,295,17
2012-08-16,4,0
2012-08-17,286,22
2012-08-18,193,827
2012-08-19,146,629
2012-08-20,1376,832
2012-08-21,1164,142
2012-08-22,335,28
2012-08-23,505,272
2012-08-24,1052,408
2012-08-25,480,208
2012-08-26,114,397
2012-08-27,59,5
2012-08-28,822,805
2012-08-29,869,216
2012-08-30,889,761
2012-08-31,539,6
2012-09-01,887,193
2012-09-02,867,1099
2012-09-03,2476,721
2012-09-04,900,478
2012-09-05,802,206
2012-09-06,517,43
2012-09-07,1458,264
2012-09-08,1463,447
2012-09-09,1332,407
2012-09-10,334,578
2012-09-11,3723,1981
2012-09-12,90,130
2012-09-13,2816,31
2012-09-14,4261,136
2012-09-15,290,1
2012-09-16,710,76
2012-09-17,2101,135
2012-09-18,2117,416
2012-09-19,720,58
2012-09-20,1842,236
2012-09-21,1363,103
2012-09-22,1270,504
2012-09-23,22,12
2012-09-24,292,68
2012-09-25,651,202
2012-09-26,300,88
2012-09-27,621,108
2012-09-28,452,448
2012-09-29,768,101
2012-09-30,195,179
2012-10-01,1158,182
2012-10-02,162,103
2012-10-03,247,4
2012-10-04,1741,601
2012-10-05,1538,152
2012-10-06,701,253
2012-10-07,1531,495
2012-10-08,622,215
2012-10-09,684,425
2012-10-10,693,531
2012-10-11,1954,381
2012-10-12,1900,699
2012-10-13,589,150
2012-10-14,829,331
2012-10-15,936,409
2012-10-16,828,669
2012-10-17,1370,131
2012-10-18,790,9
2012-10-19,558,17
2012-10-20,107,0
2012-10-21,290,20
2012-10-22,513,12
2012-10-23,363,62
2012-10-24,1446,65
2012-10-25,219,26
2012-10-26,129,47
2012-10-27,201,13
2012-10-28,31,1
2012-10-29,0,1
2012-10-30,4240,54
2012-10-31,3651,484
2012-11-01,125,31
2012-11-02,33,2
2012-11-03,410,298
2012-11-04,1612,186
2012-11-05,2127,31
2012-11-06,2301,364
2012-11-07,110,1762
2012-11-08,733,177
2012-11-09,579,77
2012-11-10,598,206
2012-11-11,127,5
2012-11-12,749,134
2012-11-13,2429,285
2012-11-14,47,93
2012-11-15,1480,150
2012-11-16,912,5
2012-11-17,255,18
2012-11-18,557,132
2012-11-19,1108,738
2012-11-20,531,96
2012-11-21,814,78
2012-11-22,1815,20
2012-11-23,1286,81
2012-11-24,186,28
2012-11-25,525,13
2012-11-26,279,162
2012-11-27,1102,106
2012-11-28,2724,53
2012-11-29,1744,74
2012-11-30,1421,176
2012-12-01,76,54
2012-12-02,1613,104
2012-12-03,630,173
2012-12-04,682,135
2012-12-05,1130,136
2012-12-06,1283,609
2012-12-07,1310,303
2012-12-08,699,511
2012-12-09,2316,680
2012-12-10,228,49
2012-12-11,658,117
2012-12-12,2888,362
2012-12-13,2917,47
2012-12-14,2573,310
2012-12-15,352,7
2012-12-16,138,273
2012-12-17,962,423
2012-12-18,634,98
2012-12-19,4283,353
2012-12-20,5784,1123
2012-12-21,270,41
2012-12-22,135,52
2012-12-23,410,88
2012-12-24,1817,126
2012-12-25,1059,17
2012-12-26,3768,174
2012-12-27,236,73
2012-12-28,761,102
2012-12-29,371,65
2012-12-30,257,102
2012-12-31,698,80
2013-01-01,1516,216
2013-01-02,207,60
2013-01-03,347,89
2013-01-04,428,836
2013-01-06,488,110
2013-01-07,1402,589
2013-01-08,826,412
2013-01-09,367,383
2013-01-10,277,1124
2013-01-11,4346,107
2013-01-12,236,2
2013-01-13,1967,356
2013-01-14,77,26
2013-01-15,1053,95
2013-01-16,961,350
2013-01-17,1848,374
2013-01-18,174,47
2013-01-19,4682,24
2013-01-20,162,9
2013-01-21,40,5
2013-01-22,59,8
2013-01-23,53,8
2013-01-24,1010,51
2013-01-25,357,64
2013-01-26,435,97
2013-01-27,1381,298
2013-01-28,739,63
2013-01-29,313,166
2013-01-30,5207,146
2013-01-31,3943,109
2013-02-01,3659,69
2013-02-02,1868,236
2013-02-03,1347,166
2013-02-04,775,23
2013-02-05,1541,70
2013-02-06,1312,181
2013-02-07,386,147
2013-02-08,1565,52
2013-02-09,984,347
2013-02-10,3876,268
2013-02-11,1968,71
2013-02-12,1053,171
2013-02-13,451,138
2013-02-14,1175,188
2013-02-15,1867,144
2013-02-16,993,8
2013-02-17,1972,58
2013-02-18,25580,692
2013-02-19,2104,102
2013-02-20,2625,30
2013-02-21,6943,356
2013-02-22,8114,2034
2013-02-23,51888,2146
2013-02-24,20935,1299
2013-02-25,3357,93
2013-02-26,7442,434
2013-02-27,5054,753
2013-02-28,619,37
2013-03-01,3154,142
2013-03-02,1856,237
2013-03-03,11306,371
2013-03-04,6593,638
2013-03-05,9890,132
2013-03-06,7714,200
2013-03-07,10174,718
2013-03-08,13887,441
2013-03-09,3757,76
2013-03-10,3519,206
2013-03-11,10767,591
2013-03-12,15103,255
2013-03-13,7462,290
2013-03-14,1417,57
2013-03-15,4442,110
2013-03-16,256,283
2013-03-17,3775,225
2013-03-18,13155,515
2013-03-19,6074,209
2013-03-20,6492,412
2013-03-21,2670,434
2013-03-22,3805,298
2013-03-23,13601,314
2013-03-24,12490,252
2013-03-25,140,266
2013-03-26,358,110
2013-03-27,7367,425
2013-03-28,3111,89
2013-03-29,840,22
2013-03-30,2856,203
2013-04-01,2202,50
2013-04-02,2559,117
2013-04-03,1424,122
2013-04-04,1336,158
2013-04-05,2087,111
2013-04-06,722,37
2013-04-07,13897,486
2013-04-08,6993,354
2013-04-09,5530,572
2013-04-10,4684,121
2013-04-11,6227,168
2013-04-12,4634,29
2013-04-13,1337,2
2013-04-14,260,65
2013-04-15,5018,62
2013-04-16,1516,201
2013-04-17,493,58
2013-04-18,3462,38
2013-04-19,3263,293
2013-04-20,3741,324
2013-04-21,5627,413
2013-04-22,3556,152
2013-04-23,5598,165
2013-04-24,2811,214
2013-04-25,3949,373
2013-04-26,4793,372
2013-04-27,2335,140
2013-04-28,1330,158
2013-04-29,3023,243
2013-04-30,1228,247
2013-05-01,5663,528
2013-05-02,2021,81
2013-05-03,1613,190
2013-05-04,2453,1338
2013-05-05,515,121
2013-05-06,2956,285
2013-05-07,1307,171
2013-05-08,557,88
2013-05-09,1294,113
2013-05-10,4838,199
2013-05-11,225,378
2013-05-12,1354,285
2013-05-13,3652,350
2013-05-14,2590,602
2013-05-15,688,101
2013-05-16,1407,153
2013-05-17,5971,336
2013-05-18,4113,94
2013-05-19,3420,256
2013-05-20,2934,271
2013-05-21,6916,203
2013-05-22,5586,196
2013-05-23,4495,318
2013-05-24,4516,365
2013-05-25,824,135
2013-05-26,1216,113
2013-05-27,4729,208
2013-05-28,4615,280
2013-05-29,4736,221
2013-05-30,5915,232
2013-05-31,2191,171
2013-06-01,660,259
2013-06-02,644,145
2013-06-03,1214,172
2013-06-04,2250,248
2013-06-05,1619,429
2013-06-06,1600,86
2013-06-07,491,65
2013-06-08,1813,1198
2013-06-09,3412,309
2013-06-10,948,259
2013-06-11,1168,140
2013-06-12,2445,448
2013-06-13,846,351
2013-06-14,970,129
2013-06-15,3,2
2013-06-17,1227,269
2013-06-18,554,132
2013-06-19,18088,756
2013-06-20,12297,671
2013-06-21,1985,130
2013-06-22,298,87
2013-06-23,638,161
2013-06-24,500,276
2013-06-25,2653,118
2013-06-26,3782,513
2013-06-27,3685,237
2013-06-28,1797,243
2013-06-29,1245,239
2013-07-01,325,845
2013-07-02,357,182
2013-07-03,128,20
2013-07-04,1813,471
2013-07-05,546,6785
2013-07-06,19,26
2013-07-07,225,222
2013-07-08,463,462
2013-07-09,116,488
2013-07-10,229,138
2013-07-11,5,4
2013-07-12,122,38
2013-07-15,2727,544
2013-07-16,1908,59
2013-07-17,58,200
2013-07-18,5904,1814
2013-07-19,1354,84
2013-07-20,4160,82
2013-07-21,2101,0
2013-07-22,1472,30
2013-07-23,1889,46
2013-07-24,592,189
2013-07-25,1285,52
2013-07-26,137,86
2013-07-27,1,5
2013-07-28,1552,430
2013-07-29,44,51
2013-07-30,429,88
2013-07-31,1248,148
2013-08-01,171,274
2013-08-02,1629,139
2013-08-03,7855,13
2013-08-04,167,55
2013-08-05,1160,107
2013-08-06,582,62
2013-08-07,3405,194
2013-08-08,1865,75
2013-08-09,3308,80
2013-08-10,9017,110
2013-08-11,1186,1963
2013-08-12,1859,197
2013-08-13,8627,1637
2013-08-14,6537,61
2013-08-15,4425,1977
2013-08-16,2613,489
2013-08-17,33,3
2013-08-18,3934,84
2013-08-19,8520,107
2013-08-20,10503,296
2013-08-21,624,15
2013-08-22,7291,652
2013-08-23,6812,307
2013-08-24,3336,161
2013-08-25,6172,217
2013-08-26,5549,304
2013-08-27,4278,341
2013-08-28,5261,271
2013-08-29,7312,243
2013-08-30,7937,172
2013-08-31,5156,147
2013-09-01,4804,923
2013-09-02,4260,229
2013-09-03,3904,303
2013-09-04,4327,269
2013-09-05,4558,171
2013-09-06,3718,166
2013-09-07,9801,422
2013-09-08,921,412
2013-09-09,3489,1259
2013-09-10,3719,885
2013-09-11,4972,1318
2013-09-12,11551,2130
2013-09-13,685,89
2013-09-14,695,159
2013-09-15,3801,2426
2013-09-16,3246,2682
2013-09-17,3371,618
2013-09-18,3647,1460
2013-09-19,4621,819
2013-09-20,585,276
2013-09-21,407,272
2013-09-22,1556,881
2013-09-23,3978,1298
2013-09-24,678,718
2013-09-25,360,404
2013-09-26,968,281
2013-09-27,707,511
2013-09-28,1573,98
2013-09-29,1848,335
2013-09-30,8243,1763
2013-10-01,7779,1062
2013-10-02,9693,1531
2013-10-03,5872,797
2013-10-04,12083,348
2013-10-05,534,77
2013-10-06,204,174
2013-10-07,176,117
2013-10-08,358,390
2013-10-09,157,181
2013-10-10,309,603
2013-10-12,1071,297
2013-10-13,2220,289
2013-10-14,856,100
2013-10-15,628,170
2013-10-16,1903,28
2013-10-17,272,65
2013-10-18,13,42
2013-10-19,0,1
2013-10-20,209,127
2013-10-21,245,200
2013-10-22,43,9
2013-10-23,295,144
2013-10-24,3258,248
2013-10-25,4031,626
2013-10-26,3958,2676
2013-10-27,474,336
2013-10-28,859,384
2013-10-29,3160,59
2013-10-30,2335,112
2013-10-31,3900,1458
2013-11-01,36172,3312
2013-11-02,20729,1476
2013-11-03,1159,401
2013-11-04,1132,115
2013-11-05,4867,879
2013-11-06,10715,1637
2013-11-07,12318,1176
2013-11-08,19190,1224
2013-11-09,3298,205
2013-11-10,3211,1485
2013-11-11,2736,983
2013-11-12,3264,627
2013-11-13,31,47
2013-11-14,1294,1254
2013-11-15,92,20
2013-11-16,78,1
2013-11-17,610,88
2013-11-18,1115,35
2013-11-19,2042,396
2013-11-20,3425,285
2013-11-21,350,239
2013-11-22,285,34
2013-11-23,22,12
2013-11-24,2296,154
2013-11-25,4133,473
2013-11-26,564,210
2013-11-27,3497,228
2013-11-28,17,30
2013-11-29,1654,125
2013-11-30,40,1
2013-12-01,788,138
2013-12-02,4017,536
2013-12-03,3129,412
2013-12-04,1733,142
2013-12-05,2770,285
2013-12-06,5365,15
2013-12-08,1492,123
2013-12-09,3863,251
2013-12-10,5,0
2013-12-11,0,1
2013-12-12,299,37
2013-12-13,347,205
2013-12-14,34,9
2013-12-15,504,4
2013-12-16,667,490
2013-12-17,12,4
2013-12-18,663,104
2013-12-19,3275,1603
2013-12-20,1770,116
2013-12-21,1458,488
2013-12-22,2816,123
2013-12-23,219,72
2013-12-24,66,205
2013-12-25,190,22
2013-12-26,471,13
2013-12-27,572,38
2013-12-28,747,7
2013-12-29,139,484
2013-12-30,49,16
2013-12-31,34,4
2014-01-01,42,1
2014-01-02,3087,18
2014-01-03,739,2
2014-01-04,72,46
2014-01-05,141,64
2014-01-06,1680,137
2014-01-07,39,22
2014-01-08,22,15
2014-01-09,6965,79
2014-01-10,21,2
2014-01-11,8,0
2014-01-12,59,31
2014-01-13,39,46
2014-01-14,1377,115
2014-01-15,5524,178
2014-01-16,7050,209
2014-01-17,5352,84
2014-01-18,4892,83
2014-01-19,4411,77
2014-01-20,4735,182
2014-01-21,4747,206
2014-01-22,5440,113
2014-01-23,1285,46
2014-01-24,200,19
2014-01-25,61,4
2014-01-26,2608,186
2014-01-27,435,87
2014-01-28,4655,170
2014-01-29,6945,126
2014-01-30,6847,129
2014-01-31,2085,47
2014-02-01,65,9
2014-02-02,1613,165
2014-02-03,3828,122
2014-02-04,1485,375
2014-02-05,1950,357
2014-02-06,1306,393
2014-02-07,4,6
2014-02-08,777,95
2014-02-09,1244,48
2014-02-10,471,82
2014-02-11,226,6
2014-02-12,2181,15
2014-02-13,297,17
2014-02-14,17,2
2014-02-16,10,7
2014-02-17,11,6
2014-02-18,770,14
2014-02-19,595,130
2014-02-20,417,59
2014-02-21,568,45
2014-02-22,1111,352
2014-02-23,1231,104
2014-02-24,1761,166
2014-02-25,9351,185
2014-02-26,798,182
2014-02-27,2705,41
2014-02-28,902,14
2014-03-01,1299,67
2014-03-02,823,26
2014-03-03,2594,23
2014-03-04,19470,99
2014-03-05,1723,101
2014-03-06,494,18
2014-03-07,419,152
2014-03-08,1382,17
2014-03-09,114,61
2014-03-10,1114,120
2014-03-11,3006,152
2014-03-12,582,93
2014-03-13,341,64
2014-03-14,125,1559
2014-03-15,120,5
2014-03-16,3126,300
2014-03-17,1146,126
2014-03-18,1545,128
2014-03-19,1861,152
2014-03-20,1479,293
2014-03-21,875,68
2014-03-22,5371,573
2014-03-23,558,13
2014-03-24,3218,97
2014-03-25,933,157
2014-03-26,37,67
2014-03-27,569,108
2014-03-28,20,4
2014-03-29,1,1
2014-03-30,55,138
2014-03-31,2505,163
2014-04-01,49,88
2014-04-02,152,92
2014-04-03,192,869
2014-04-04,1933,213
2014-04-05,93,17
2014-04-06,402,16
2014-04-07,679,10
2014-04-08,346,4
2014-04-09,223,4
2014-04-10,847,9
2014-04-11,699,6
2014-04-12,3,1
2014-04-13,4,4
2014-04-14,341,83
2014-04-15,7,4
2014-04-16,838,27
2014-04-17,919,116
2014-04-18,365,151
2014-04-19,791,73
2014-04-20,1577,198
2014-04-21,4708,213
2014-04-22,5124,13
2014-04-23,79,56
2014-04-24,857,166
2014-04-25,543,86
2014-04-26,6,4
2014-04-27,1170,185
2014-04-28,8874,75
2014-04-29,1350,72
2014-04-30,439,36
2014-05-01,361,1450
2014-05-02,554,735
2014-05-03,24,1
2014-05-04,520,316
2014-05-05,3780,145
2014-05-06,822,279
2014-05-07,111,7
2014-05-08,41,135
2014-05-09,538,13
2014-05-11,16,2
2014-05-12,7161,468
2014-05-13,58,90
2014-05-14,156,273
2014-05-15,109,30
2014-05-16,8,0
2014-05-17,9422,1146
2014-05-18,840,297
2014-05-19,1581,120
2014-05-20,2472,456
2014-05-21,184,312
2014-05-22,72,364
2014-05-23,636,63
2014-05-24,486,0
2014-05-25,123,7
2014-05-26,338,14
2014-05-27,1784,210
2014-05-28,2966,484
2014-05-29,466,13
2014-05-30,558,160
2014-05-31,140,0
2014-06-01,12,1
2014-06-02,191,69
2014-06-03,3073,168
2014-06-04,2,1
2014-06-05,2008,236
2014-06-06,3299,129
2014-06-07,4765,370
2014-06-08,9199,164
2014-06-09,1730,110
2014-06-10,948,14
2014-06-11,87,717
2014-06-12,81,48
2014-06-13,1021,141
2014-06-14,37,84
2014-06-15,1091,90
2014-06-16,689,41
2014-06-17,252,398
2014-06-18,1295,72
2014-06-19,2739,482
2014-06-20,1885,216
2014-06-21,300,114
2014-06-22,1224,65
2014-06-23,2464,175
2014-06-24,1552,49
2014-06-25,1694,46
2014-06-26,594,16
2014-06-27,354,17
2014-06-29,306,297
2014-06-30,508,137
2014-07-01,2251,162
2014-07-02,2346,59
2014-07-03,2120,139
2014-07-04,1715,178
2014-07-05,230,27
2014-07-06,1853,97
2014-07-07,6405,243
2014-07-08,136,8
2014-07-09,550,871
2014-07-10,305,105
2014-07-11,615,25
2014-07-12,246,32
2014-07-13,230,243
2014-07-14,5,1
2014-07-15,33,19
2014-07-16,3981,139
2014-07-17,1919,13
2014-07-18,2718,22
2014-07-19,1776,29
2014-07-20,25,0
2014-07-21,914,564
2014-07-22,110,12
2014-07-23,90,9
2014-07-24,880,378
2014-07-25,578,1
2014-07-26,2869,143
2014-07-28,1572,29
2014-07-29,2033,24
2014-07-30,941,66
2014-07-31,88,45
2014-08-01,32,0
2014-08-02,2255,62
2014-08-03,5569,109
2014-08-04,1135,211
2014-08-05,214,58
2014-08-06,205,206
2014-08-07,248,197
2014-08-08,1601,8
2014-08-10,0,5
2014-08-11,905,12
2014-08-12,950,18
2014-08-13,2000,92
2014-08-14,8367,524
2014-08-15,4197,539
2014-08-16,1863,174
2014-08-17,4386,198
2014-08-18,4667,87
2014-08-19,1689,155
2014-08-20,2494,1167
2014-08-21,3423,1109
2014-08-22,1497,94
2014-08-23,6605,4
2014-08-24,37,17
2014-08-25,1995,148
2014-08-26,1899,283
2014-08-27,7422,506
2014-08-28,9452,823
2014-08-29,6240,522
2014-08-30,2452,365
2014-08-31,5152,238
2014-09-01,1430,224
2014-09-02,4241,373
2014-09-03,3666,299
2014-09-04,3182,101
2014-09-05,9815,800
2014-09-06,961,24
2014-09-07,10053,509
2014-09-08,12922,1494
2014-09-09,7947,1011
2014-09-10,4852,601
2014-09-11,9289,795
2014-09-12,9121,431
2014-09-13,5335,223
2014-09-14,8246,222
2014-09-15,2776,440
2014-09-16,6397,367
2014-09-17,3241,1121
2014-09-18,13090,794
2014-09-19,4864,216
2014-09-20,10234,233
2014-09-21,4518,353
2014-09-22,8891,452
2014-09-23,4253,101
2014-09-24,2006,94
2014-09-25,4969,170
2014-09-26,1120,150
2014-09-27,2957,41
2014-09-28,4022,30
2014-09-29,5679,600
2014-09-30,1425,191
2014-10-01,1895,173
2014-10-02,165,31
2014-10-03,0,1
2014-10-04,10012,443
2014-10-05,16762,190
2014-10-06,2001,127
2014-10-07,2500,4
2014-10-08,2691,192
2014-10-09,4660,474
2014-10-10,7949,670
2014-10-11,789,89
2014-10-12,262,7
2014-10-13,3923,55
2014-10-14,1231,26
2014-10-15,192,137
2014-10-16,20,8
2014-10-17,2766,89
2014-10-18,61,0
2014-10-19,670,71
2014-10-20,26,28
2014-10-21,1517,599
2014-10-22,2208,257
2014-10-23,481,56
2014-10-24,1279,6
2014-10-25,5001,9
2014-10-26,13890,217
2014-10-27,9311,324
2014-10-28,4444,307
2014-10-29,5278,235
2014-10-30,3751,709
2014-10-31,931,718
2014-11-01,3,0
2014-11-02,174,75
2014-11-03,1123,131
2014-11-04,748,72
2014-11-05,5084,89
2014-11-06,34,27
2014-11-07,9062,311
2014-11-08,4220,669
2014-11-09,1726,92
2014-11-10,1120,257
2014-11-11,1282,20
2014-11-12,187,32
2014-11-13,177,4
2014-11-14,1240,202
2014-11-15,2470,407
2014-11-16,1862,355
2014-11-17,9,18
2014-11-18,268,136
2014-11-19,99,5
2014-11-20,237,20
2014-11-21,697,8
2014-11-22,3356,77
2014-11-23,7949,470
2014-11-24,9729,343
2014-11-25,11200,425
2014-11-26,10511,345
2014-11-27,6017,87
2014-11-28,8433,1726
2014-11-29,2537,118
2014-11-30,5170,62
2014-12-01,5486,313
2014-12-02,2044,10
2014-12-03,2079,41
2014-12-04,1019,12
2014-12-05,570,8
2014-12-06,1977,330
2014-12-07,2388,9
2014-12-08,137,13
2014-12-09,394,122
2014-12-10,2,3
2014-12-11,3481,119
2014-12-12,360,1
2014-12-13,1466,150
2014-12-14,4856,241
2014-12-15,3086,15
2014-12-16,2516,39
2014-12-17,84,14
2014-12-18,2322,43
2014-12-19,2157,85
2014-12-20,1720,6
2014-12-21,2835,110
2014-12-22,296,30
2014-12-23,3193,47
2014-12-24,5638,50
2014-12-25,42,8
2014-12-26,2934,46
2014-12-27,9505,62
2014-12-28,5066,56
2014-12-29,1181,37
2014-12-30,4289,152
2014-12-31,2936,214
2015-01-01,2138,4
2015-01-02,2074,14
2015-01-03,129,10
2015-01-04,304,62
2015-01-05,3744,12
2015-01-06,8,12
2015-01-07,3641,37
2015-01-08,12,0
2015-01-09,0,2
2015-01-10,22,195
2015-01-11,3619,186
2015-01-12,116,60
2015-01-13,3,1
2015-01-14,303,49
2015-01-15,449,80
2015-01-16,2109,27
2015-01-17,2970,125
2015-01-18,1844,42
2015-01-19,562,12
2015-01-20,325,23
2015-01-21,1,0
2015-01-22,2904,90
2015-01-23,1167,26
2015-01-24,559,375
2015-01-25,51,12
2015-01-26,210,75
2015-01-27,391,113
2015-01-28,574,256
2015-01-29,2717,191
2015-01-30,1173,13
2015-01-31,251,38
2015-02-01,705,133
2015-02-02,2409,116
2015-02-03,951,75
2015-02-04,1010,213
2015-02-05,558,153
2015-02-06,340,49
2015-02-07,244,71
2015-02-08,1235,13
2015-02-09,8486,799
2015-02-10,9123,801
2015-02-11,4375,804
2015-02-12,12043,929
2015-02-13,21193,929
2015-02-14,29356,1045
2015-02-15,61504,2872
2015-02-16,42544,1378
2015-02-17,19635,994
2015-02-18,19118,558
2015-02-19,39292,876
2015-02-20,29722,1215
2015-02-21,27778,921
2015-02-22,15378,1184
2015-02-23,26072,2335
2015-02-24,26837,2291
2015-02-25,27559,1173
2015-02-26,24724,541
2015-02-27,40304,1579
2015-02-28,31371,2041
2015-03-01,63589,1182
2015-03-02,36411,923
2015-03-03,17157,1598
2015-03-04,30134,2125
2015-03-05,27053,425
2015-03-06,21323,766
2015-03-07,12761,487
2015-03-08,14967,1295
2015-03-09,6172,564
2015-03-10,9180,704
2015-03-11,8709,140
2015-03-12,6077,516
2015-03-13,735,66
2015-03-14,15239,1102
2015-03-15,18697,282
2015-03-16,9562,330
2015-03-17,18013,128
2015-03-18,28477,229
2015-03-19,32197,294
2015-03-20,28858,147
2015-03-21,33059,172
2015-03-22,33703,680
2015-03-23,36797,1644
2015-03-24,15502,3307
2015-03-25,32096,858
2015-03-26,33076,455
2015-03-27,37329,2619
2015-03-28,19162,2696
2015-03-29,23204,4546
2015-03-30,7668,404
2015-03-31,20485,490
2015-04-01,23171,324
2015-04-02,52090,1129
2015-04-03,26316,1708
2015-04-04,16927,235
2015-04-05,36132,239
2015-04-06,12820,194
2015-04-07,27596,1532
2015-04-08,16938,906
2015-04-09,11891,489
2015-04-10,9074,609
2015-04-11,13861,115
2015-04-12,11179,375
2015-04-13,12149,413
2015-04-14,9558,221
2015-04-15,12494,353
2015-04-16,9280,301
2015-04-17,10590,1241
2015-04-18,9461,236
2015-04-19,14475,544
2015-04-20,9374,1339
2015-04-21,9919,1097
2015-04-22,6931,848
2015-04-23,5236,858
2015-04-24,2442,64
2015-04-25,318804,9257
2015-04-26,757559,30100
2015-04-27,771724,42996
2015-04-28,763492,53446
2015-04-29,870451,84549
2015-04-30,805321,111287
2015-05-01,605410,73607
2015-05-02,347721,169027
2015-05-03,384023,93894
2015-05-04,461778,106537
2015-05-05,547474,104153
2015-05-06,421333,92289
2015-05-07,279640,106615
2015-05-08,277343,79949
2015-05-09,212132,71794
2015-05-10,150668,52915
2015-05-11,170555,153451
2015-05-12,247949,145918
2015-05-13,282554,168978
2015-05-14,272742,229424
2015-05-15,297780,168672
2015-05-16,200319,23036
2015-05-17,170745,19909
2015-05-18,154277,50364
2015-05-19,161714,14674
2015-05-20,128640,12687
2015-05-21,144788,17620
2015-05-22,141407,13557
2015-05-23,98068,8380
2015-05-24,164330,12419
2015-05-25,223096,162546
2015-05-26,150138,33549
2015-05-27,123900,9939
2015-05-28,116422,14674
2015-05-29,67464,10285
2015-05-30,71561,11927
2015-05-31,87179,16120
2015-06-01,92859,12421
2015-06-02,86872,7067
2015-06-03,59060,5301
2015-06-04,83542,6735
2015-06-05,45444,5634
2015-06-06,42396,7650
2015-06-07,64477,5260
2015-06-08,70853,7673
2015-06-09,60209,7476
2015-06-10,54773,2977
2015-06-11,51533,2511
2015-06-12,62963,1592
2015-06-13,34820,1598
2015-06-14,0,1647
2015-06-15,0,4902
2015-06-16,0,4890
2015-06-17,0,3232
2015-06-18,0,1791
2015-06-19,0,4837
2015-06-20,0,3327
2015-06-21,0,9603
2015-06-22,0,2829
2015-06-23,0,4561
2015-06-24,0,1410
2015-06-25,0,1588
2015-06-26,0,2739
2015-06-27,0,2445
2015-06-28,0,1908
2015-06-29,0,2921
2015-06-30,0,1044
2015-07-01,0,11368
2015-07-02,0,10425
2015-07-03,0,1593
2015-07-04,0,1619
2015-07-05,0,2837
2015-07-06,0,4300
2015-07-07,0,1235
2015-07-08,0,1812
2015-07-09,0,1943
2015-07-10,0,1244
2015-07-11,0,1652
2015-07-12,0,325
2015-07-13,0,1711
2015-07-14,0,2392
2015-07-15,0,1754
2015-07-16,0,1531
2015-07-17,0,5775
2015-07-18,0,112
2015-07-19,0,1058
2015-07-20,0,1172
2015-07-21,0,188
2015-07-22,0,466
2015-07-23,0,808
2015-07-24,0,681
2015-07-25,0,347
2015-07-26,0,550
2015-07-27,0,484
2015-07-28,0,778
2015-07-29,0,2846
2015-07-30,0,403
2015-07-31,0,1199
2015-08-01,0,410
2015-08-02,0,649
2015-08-03,0,583
2015-08-04,0,662
2015-08-05,0,1550
2015-08-06,0,3846
2015-08-07,0,1166
2015-08-08,0,172
2015-08-09,0,323
2015-08-10,0,610
2015-08-11,0,692
2015-08-12,0,1220
2015-08-13,0,153
2015-08-14,0,619
2015-08-15,0,37
2015-08-16,0,295
2015-08-17,0,166
2015-08-18,0,851
2015-08-19,0,217
2015-08-20,0,722
2015-08-21,0,8
2015-08-22,0,80
2015-08-23,0,55
2015-08-24,0,165
2015-08-25,0,160
2015-08-26,0,43
2015-08-27,0,938
2015-08-28,0,351
2015-08-29,0,242
2015-08-30,0,31
2015-08-31,0,97
2015-09-01,0,469
2015-09-02,0,194
2015-09-03,0,131
2015-09-04,0,1252
2015-09-05,0,176
2015-09-06,0,3
2015-09-07,0,44
2015-09-08,0,721
2015-09-09,0,114
2015-09-10,0,72
2015-09-11,0,235
2015-09-12,0,12
2015-09-13,0,477
2015-09-14,0,328
2015-09-15,0,380
2015-09-16,0,59
2015-09-17,0,86
2015-09-18,0,31
2015-09-19,0,75
2015-09-20,0,121
2015-09-21,0,242
2015-09-22,0,266
2015-09-23,0,454
2015-09-24,0,677
2015-09-25,0,102
2015-09-26,0,13
2015-09-27,0,233
2015-09-28,0,122
2015-09-29,0,1115
2015-09-30,0,482
2015-10-01,0,1000
2015-10-02,0,83
2015-10-03,0,19
2015-10-04,0,63
2015-10-05,0,77
2015-10-06,0,530
2015-10-07,0,485
2015-10-08,0,68
2015-10-09,0,38
2015-10-10,0,103
2015-10-11,0,1293
2015-10-12,0,427
2015-10-13,0,2014
2015-10-14,0,422
2015-10-15,0,190
2015-10-16,0,6426
2015-10-17,0,121
2015-10-18,0,163
2015-10-19,0,229
2015-10-20,0,180
2015-10-21,0,509
2015-10-22,0,373
2015-10-23,0,68
2015-10-24,0,219
2015-10-25,0,274
2015-10-26,0,159
2015-10-27,0,148
2015-10-28,0,259
2015-10-29,0,316
2015-10-30,0,379
2015-10-31,0,173
2015-11-01,0,538
2015-11-02,0,569
2015-11-03,0,608
2015-11-04,0,1206
2015-11-05,0,384
2015-11-06,0,187
2015-11-07,0,143
2015-11-08,0,1688
2015-11-09,0,1776
2015-11-10,0,86
2015-11-11,0,1157
2015-11-12,0,433
2015-11-13,0,1076
2015-11-14,0,24
2015-11-15,0,611
2015-11-16,0,450
2015-11-17,0,1023
2015-11-18,0,1694
2015-11-19,0,1398
2015-11-20,0,970
2015-11-21,0,363
2015-11-22,0,1200
2015-11-23,0,299
2015-11-24,0,804
2015-11-25,0,485
2015-11-26,0,345
2015-11-27,0,248
2015-11-28,0,724
2015-11-29,0,222
2015-11-30,0,186
2015-12-01,0,1614
2015-12-02,0,711
2015-12-03,0,607
2015-12-04,0,227
2015-12-05,0,143
2015-12-06,0,21
2015-12-07,0,614
2015-12-08,0,126
2015-12-09,0,38
2015-12-10,0,27
2015-12-11,0,41
2015-12-12,0,75
2015-12-13,0,1621
2015-12-14,0,9
2015-12-15,0,188
2015-12-16,0,106
2015-12-17,0,22
2015-12-18,0,20
2015-12-19,0,33
2015-12-20,0,10
2015-12-21,0,67
2015-12-22,0,81
2015-12-23,0,27
2015-12-24,0,6
2015-12-25,0,38
2015-12-26,0,150
2015-12-27,0,337
2015-12-28,0,119
2015-12-29,0,79
2015-12-30,0,34
2015-12-31,0,249
2016-01-01,0,208
2016-01-02,0,85
2016-01-03,0,235
2016-01-04,0,58
2016-01-05,0,21
2016-01-06,0,126
2016-01-07,0,182
2016-01-08,0,86
2016-01-09,0,1
2016-01-10,0,555
2016-01-11,0,28
2016-01-12,0,18
2016-01-13,0,48
2016-01-14,0,83
2016-01-15,0,6
2016-01-16,0,23
2016-01-17,0,53
2016-01-18,0,41
2016-01-19,0,253
2016-01-20,0,116
2016-01-21,0,277
2016-01-22,0,84
2016-01-23,0,61
2016-01-24,0,18
2016-01-25,0,8
2016-01-26,0,72
2016-01-27,0,10
2016-01-28,0,7
2016-01-29,0,83
2016-01-30,0,81
2016-01-31,0,80
2016-02-01,0,11
2016-02-02,0,71
2016-02-03,0,44
2016-02-04,0,1
2016-02-05,0,35
2016-02-06,0,94
2016-02-07,0,61
2016-02-08,0,39
2016-02-09,0,120
2016-02-10,0,79
2016-02-11,0,48
2016-02-12,0,350
2016-02-13,0,437
2016-02-14,0,765
2016-02-15,0,166
2016-02-16,0,397
2016-02-17,0,2954
2016-02-18,0,336
2016-02-19,0,1199
2016-02-20,0,1784
2016-02-21,0,548
2016-02-22,0,806
2016-02-23,0,1500
2016-02-24,0,1792
2016-02-25,0,1339
2016-02-26,0,1109
2016-02-27,0,1283
2016-02-28,0,746
2016-02-29,0,296
2016-03-01,0,842
2016-03-02,0,249
2016-03-03,0,235
2016-03-04,0,346
2016-03-05,0,616
2016-03-06,0,183
2016-03-07,0,15
2016-03-08,0,31
2016-03-09,0,35
2016-03-10,0,95
2016-03-11,0,78
2016-03-12,0,469
2016-03-13,0,207
2016-03-14,0,63
2016-03-15,0,95
2016-03-16,0,196
2016-03-17,0,610
2016-03-18,0,81
2016-03-19,0,27
2016-03-20,0,783
2016-03-21,0,132
2016-03-22,0,19
2016-03-23,0,53
2016-03-24,0,302
2016-03-25,0,321
2016-03-26,0,151
2016-03-27,0,871
2016-03-28,0,136
2016-03-29,0,9
2016-03-30,0,160
2016-03-31,0,259
2016-04-01,0,614
2016-04-02,0,326
2016-04-03,0,489
2016-04-04,0,556
2016-04-05,0,385
2016-04-06,0,1281
2016-04-07,0,360
2016-04-08,0,726
2016-04-09,0,582
2016-04-10,0,667
2016-04-11,0,456
2016-04-12,0,269
2016-04-13,0,147
2016-04-14,0,317
2016-04-15,0,150
2016-04-16,0,123
2016-04-17,0,121
2016-04-18,0,78
2016-04-19,0,76
2016-04-20,0,59
2016-04-21,0,254
2016-04-22,0,1224
2016-04-23,0,359
2016-04-24,0,248
2016-04-25,0,41
2016-04-26,0,99
2016-04-27,0,170
2016-04-28,0,709
2016-04-29,0,375
2016-04-30,0,160
2016-05-01,0,150
2016-05-02,0,127
2016-05-03,0,854
2016-05-04,0,479
2016-05-05,0,147
2016-05-06,0,547
2016-05-07,0,35
2016-05-08,0,624
2016-05-09,0,283
2016-05-10,0,487
2016-05-11,0,2357
2016-05-12,0,1323
2016-05-13,0,383
2016-05-14,0,99
2016-05-15,0,273
2016-05-16,0,214
2016-05-17,0,1233
2016-05-18,0,1259
2016-05-19,0,810
2016-05-20,0,320
2016-05-21,0,40
2016-05-22,0,154
2016-05-23,0,1020
2016-05-24,0,929
2016-05-25,0,383
2016-05-26,0,701
2016-05-27,0,1019
2016-05-28,0,60
2016-05-29,0,148
2016-05-30,0,620
2016-05-31,0,846
2016-06-01,0,701
2016-06-02,0,663
2016-06-03,0,430
2016-06-04,0,476
2016-06-05,0,214
2016-06-06,0,1860
2016-06-07,0,1363
2016-06-08,0,2567
2016-06-09,0,2020
2016-06-10,0,133
2016-06-11,0,92
2016-06-12,0,1297
2016-06-13,0,512
2016-06-14,0,1038
2016-06-15,0,162
2016-06-16,0,387
2016-06-17,0,2207
2016-06-18,0,22
2016-06-19,0,1453
2016-06-20,0,728
2016-06-21,0,716
2016-06-22,0,58
2016-06-23,0,187
2016-06-24,0,577
2016-06-25,0,56
2016-06-26,0,5182
2016-06-27,0,310
2016-06-28,0,1713
2016-06-29,0,310
2016-06-30,0,861
2016-07-01,0,128
2016-07-02,0,87
2016-07-03,0,323
2016-07-04,0,119
2016-07-05,0,43
2016-07-06,0,154
2016-07-07,0,1642
2016-07-08,0,65
2016-07-09,0,1
2016-07-10,0,880
2016-07-11,0,383
2016-07-12,0,136
2016-07-13,0,3
2016-07-14,0,287
2016-07-15,0,20
2016-07-16,0,14
2016-07-17,0,42
2016-07-18,0,88
2016-07-19,0,281
2016-07-20,0,206
2016-07-21,0,197
2016-07-22,0,491
2016-07-23,0,38
2016-07-24,0,27
2016-07-25,0,30
2016-07-26,0,68
2016-07-27,0,1046
2016-07-28,0,357
2016-07-29,0,828
2016-07-30,0,50
2016-07-31,0,38
2016-08-01,0,883
2016-08-02,0,678
2016-08-03,0,26
2016-08-04,0,83
2016-08-05,0,118
2016-08-06,0,8
2016-08-07,0,53
2016-08-08,0,292
2016-08-09,0,84
2016-08-10,0,69
2016-08-11,0,155
2016-08-12,0,103
2016-08-13,0,92
2016-08-14,0,2140
2016-08-15,0,58
2016-08-16,0,1445
2016-08-17,0,18
2016-08-18,0,23
2016-08-19,0,89
2016-08-20,0,59
2016-08-21,0,101
2016-08-22,0,615
2016-08-23,0,457
2016-08-24,0,657
2016-08-25,0,382
2016-08-26,0,47
2016-08-27,0,178
2016-08-28,0,91
2016-08-29,0,1128
2016-08-30,0,609
2016-08-31,0,359
2016-09-01,0,44
2016-09-02,0,73
2016-09-03,0,8
2016-09-04,0,38
2016-09-05,0,91
2016-09-06,0,598
2016-09-07,0,231
2016-09-08,0,383
2016-09-09,0,44
2016-09-10,0,1
2016-09-11,0,204
2016-09-12,0,265
2016-09-13,0,68
2016-09-14,0,56
2016-09-15,0,14
2016-09-16,0,731
2016-09-17,0,25
2016-09-18,0,37
2016-09-19,0,30
2016-09-20,0,99
2016-09-21,0,197
2016-09-22,0,154
2016-09-23,0,156
2016-09-24,0,47
2016-09-25,0,58
2016-09-26,0,478
2016-09-27,0,113
2016-09-28,0,14
2016-09-29,0,18
2016-09-30,0,61
2016-10-01,0,5
2016-10-02,0,10
2016-10-03,0,2
2016-10-04,0,96
2016-10-05,0,248
2016-10-06,0,55
2016-10-07,0,74
2016-10-08,0,3
2016-10-09,0,4
2016-10-10,0,7
2016-10-11,0,32
2016-10-12,0,9
2016-10-13,0,64
2016-10-14,0,51
2016-10-15,0,262
2016-10-16,0,7
2016-10-17,0,70
2016-10-18,0,41
2016-10-19,0,385
2016-10-20,0,121
2016-10-21,0,71
2016-10-22,0,299
2016-10-23,0,109
2016-10-24,0,89
2016-10-25,0,575
2016-10-26,0,1296
2016-10-27,0,1024
2016-10-28,0,718
2016-10-29,0,6
2016-10-30,0,28
